Испытание; 
Время;09:45:05
Оператор;программист Скориков И.А.
Серийный номер;2354
Наименование;Тестовый 50
Максимальная длина;404
Минимальная длина;265
Скорость;0.314
Мин усилие сжатия;-10
Макс усилие сжатия;55
Мин усилие отбоя;-10
Макс усилие отбоя;214
Макс температура;20.2
Усилие;Перемещение
103,8;-3
103,8;-3
103,7;-3
103,6;-3
103,6;-4
103,5;-4
103,5;-4
103,3;-4
103,3;-4
103,2;-5
103,2;-5
103,1;-6
103,0;-6
103,0;-6
102,9;-6
102,8;-6
102,8;-7
102,7;-7
102,6;-6
102,6;-7
102,4;-7
102,4;-8
102,3;-8
102,2;-8
102,1;-8
102,1;-8
102,0;-8
101,8;-9
101,8;-9
101,7;-10
101,6;-10
101,5;-10
101,5;-10
101,3;-10
101,1;-11
101,1;-11
101,0;-11
100,9;-12
100,8;-12
100,7;-13
100,7;-13
100,6;-13
100,5;-13
100,4;-14
100,3;-14
100,2;-14
100,1;-14
100,0;-15
99,9;-15
99,8;-15
99,7;-16
99,6;-15
99,4;-16
99,3;-16
99,3;-16
99,2;-17
99,1;-17
99,0;-17
98,9;-17
98,8;-17
98,7;-18
98,6;-17
98,5;-18
98,4;-18
98,3;-18
98,2;-18
98,1;-19
98,0;-19
97,9;-19
97,8;-19
97,7;-19
97,6;-20
97,4;-20
97,2;-20
97,1;-21
97,0;-21
96,9;-20
96,8;-21
96,7;-21
96,5;-22
96,4;-22
96,1;-22
96,0;-22
95,9;-23
95,7;-23
95,6;-23
95,4;-23
95,3;-24
95,1;-24
95,0;-24
94,9;-24
94,8;-24
94,7;-24
94,5;-25
94,3;-25
94,2;-25
94,1;-25
94,0;-25
93,9;-25
93,8;-25
93,5;-26
93,4;-26
93,2;-26
93,0;-26
92,9;-26
92,8;-26
92,7;-27
92,5;-27
92,3;-26
92,2;-27
92,0;-27
91,9;-27
91,8;-27
91,7;-27
91,4;-27
91,3;-28
91,1;-28
91,0;-28
90,9;-28
90,8;-29
90,6;-28
90,5;-28
90,4;-29
90,1;-28
90,0;-29
89,8;-29
89,6;-29
89,4;-29
89,3;-29
89,0;-30
88,9;-29
88,7;-30
88,6;-30
88,5;-30
88,2;-30
88,0;-30
87,9;-30
87,8;-30
87,5;-30
87,3;-30
87,2;-31
87,0;-30
86,9;-31
86,6;-31
86,3;-31
86,2;-31
86,0;-31
85,9;-31
85,7;-31
85,6;-31
85,4;-31
85,3;-32
85,0;-31
84,9;-31
84,7;-32
84,6;-32
84,4;-31
84,3;-32
83,9;-32
83,8;-32
83,6;-32
83,3;-32
83,2;-32
83,0;-32
82,7;-32
82,4;-32
82,3;-33
82,1;-32
81,9;-32
81,8;-33
81,6;-33
81,5;-33
81,3;-33
81,0;-32
80,8;-33
80,7;-33
80,4;-33
80,2;-33
80,0;-33
79,9;-33
79,7;-33
79,6;-33
79,4;-33
79,2;-34
78,9;-34
78,7;-34
78,6;-33
78,4;-34
78,2;-33
78,1;-34
77,9;-34
77,7;-34
77,4;-34
77,2;-34
77,1;-34
76,9;-34
76,7;-34
76,4;-34
76,1;-35
75,9;-34
75,7;-35
75,6;-35
75,4;-34
75,0;-35
74,9;-35
74,5;-35
74,4;-35
74,0;-35
73,8;-35
73,7;-35
73,3;-35
73,1;-35
73,0;-35
72,8;-35
72,6;-36
72,4;-35
72,3;-35
71,9;-35
71,7;-35
71,4;-35
71,2;-36
71,0;-36
70,9;-36
70,5;-35
70,3;-36
70,2;-36
69,8;-36
69,6;-36
69,4;-35
69,3;-36
69,1;-36
68,9;-36
68,7;-36
68,5;-36
68,4;-36
68,0;-36
67,8;-36
67,6;-36
67,4;-37
67,3;-36
67,1;-36
66,9;-37
66,7;-37
66,5;-36
66,2;-37
66,0;-36
65,8;-36
65,6;-37
65,4;-37
65,3;-37
65,1;-37
64,7;-36
64,5;-37
64,3;-37
64,2;-37
63,8;-37
63,4;-37
63,2;-37
63,0;-37
62,9;-36
62,7;-37
62,5;-37
62,1;-37
61,9;-37
61,6;-37
61,2;-37
61,0;-37
60,8;-37
60,6;-37
60,4;-37
60,2;-37
59,9;-37
59,5;-37
59,1;-38
58,7;-37
58,6;-37
58,4;-38
58,2;-38
58,0;-37
57,8;-38
57,4;-38
57,0;-38
56,9;-37
56,7;-37
56,5;-37
56,3;-38
56,1;-37
55,9;-38
55,7;-38
55,4;-38
55,0;-38
54,8;-38
54,6;-38
54,4;-38
54,0;-38
53,7;-38
53,5;-38
53,3;-38
53,1;-38
52,9;-38
52,7;-38
52,5;-38
52,3;-38
52,1;-38
52,0;-38
51,6;-38
51,4;-38
51,2;-38
51,0;-38
50,8;-38
50,6;-38
50,4;-38
50,3;-38
50,1;-38
49,9;-38
49,7;-38
49,5;-38
49,3;-38
49,1;-38
48,9;-38
48,7;-38
48,6;-38
48,4;-38
48,2;-38
48,0;-38
47,8;-38
47,4;-38
47,2;-38
47,1;-38
46,9;-38
46,7;-38
46,5;-38
46,1;-38
45,9;-38
45,8;-38
45,4;-38
45,2;-38
45,0;-38
44,8;-38
44,6;-38
44,5;-38
44,3;-38
44,1;-38
43,9;-38
43,5;-38
43,2;-38
43,0;-38
42,8;-38
42,6;-38
42,2;-38
42,1;-38
41,9;-38
41,7;-38
41,3;-38
41,1;-38
41,0;-38
40,6;-38
40,4;-38
40,2;-38
40,0;-38
39,9;-38
39,5;-37
39,3;-38
39,1;-38
38,8;-38
38,6;-37
38,4;-38
38,2;-37
38,0;-37
37,9;-37
37,7;-37
37,5;-37
37,3;-37
37,2;-37
36,8;-37
36,6;-37
36,4;-37
36,3;-37
36,1;-37
35,9;-37
35,7;-37
35,6;-37
35,4;-37
35,2;-37
35,0;-37
34,9;-37
34,5;-37
34,3;-36
34,2;-37
34,0;-36
33,8;-37
33,7;-36
33,5;-37
33,3;-36
33,1;-37
32,8;-36
32,6;-36
32,5;-36
32,1;-36
31,9;-36
31,799999999999997;-36
31,6;-36
31,4;-36
31,299999999999997;-35
31,1;-36
30,9;-36
30,6;-36
30,4;-35
30,299999999999997;-35
30,1;-36
29,9;-35
29,799999999999997;-36
29,6;-35
29,5;-36
29,299999999999997;-35
29,1;-35
29,0;-36
28,799999999999997;-35
28,6;-35
28,5;-35
28,299999999999997;-35
28,200000000000003;-35
27,799999999999997;-34
27,700000000000003;-35
27,5;-35
27,4;-35
27,200000000000003;-35
27,0;-35
26,700000000000003;-34
26,4;-34
26,299999999999997;-34
26,1;-34
25,9;-34
25,6;-34
25,5;-34
25,299999999999997;-34
25,0;-34
24,9;-34
24,700000000000003;-34
24,6;-33
24,4;-34
24,299999999999997;-34
24,0;-34
23,799999999999997;-33
23,700000000000003;-33
23,5;-33
23,4;-33
23,200000000000003;-33
23,1;-33
22,9;-33
22,6;-33
22,5;-33
22,4;-33
22,200000000000003;-32
22,1;-33
21,799999999999997;-32
21,6;-33
21,4;-32
21,200000000000003;-33
21,1;-32
20,9;-32
20,799999999999997;-32
20,700000000000003;-32
20,5;-32
20,4;-32
20,1;-32
20,0;-32
19,799999999999997;-31
19,6;-31
19,4;-31
19,299999999999997;-31
19,200000000000003;-31
19,0;-30
18,9;-31
18,799999999999997;-31
18,700000000000003;-31
18,4;-31
18,299999999999997;-30
18,1;-30
18,0;-30
17,9;-30
17,799999999999997;-30
17,6;-30
17,5;-30
17,4;-30
17,299999999999997;-30
17,0;-29
16,9;-29
16,799999999999997;-29
16,700000000000003;-30
16,5;-29
16,4;-29
16,299999999999997;-30
16,1;-29
15,899999999999999;-28
15,799999999999997;-29
15,700000000000003;-29
15,600000000000001;-28
15,5;-29
15,399999999999999;-28
15,299999999999997;-28
15,100000000000001;-28
15,0;-28
14,899999999999999;-28
14,799999999999997;-27
14,700000000000003;-27
14,5;-27
14,399999999999999;-27
14,299999999999997;-27
14,0;-26
13,899999999999999;-26
13,700000000000003;-26
13,600000000000001;-26
13,5;-26
13,299999999999997;-26
13,200000000000003;-26
13,100000000000001;-26
13,0;-26
12,899999999999999;-25
12,799999999999997;-25
12,700000000000003;-25
12,600000000000001;-25
12,399999999999999;-24
12,299999999999997;-24
12,200000000000003;-24
12,100000000000001;-24
12,100000000000001;-24
12,0;-24
11,899999999999999;-24
11,700000000000003;-23
11,600000000000001;-23
11,399999999999999;-23
11,299999999999997;-22
11,200000000000003;-22
11,200000000000003;-22
11,100000000000001;-22
11,0;-22
10,899999999999999;-22
10,799999999999997;-22
10,700000000000003;-21
10,600000000000001;-21
10,5;-21
10,399999999999999;-21
10,299999999999997;-20
10,299999999999997;-20
10,200000000000003;-20
10,0;-20
9,899999999999999;-20
9,799999999999997;-19
9,700000000000003;-19
9,700000000000003;-18
9,600000000000001;-19
9,5;-18
9,399999999999999;-18
9,399999999999999;-19
9,299999999999997;-18
9,200000000000003;-18
9,100000000000001;-17
9,0;-17
9,0;-17
8,899999999999999;-17
8,799999999999997;-16
8,799999999999997;-16
8,700000000000003;-16
8,600000000000001;-15
8,600000000000001;-15
8,5;-15
8,5;-15
8,399999999999999;-15
8,399999999999999;-15
8,200000000000003;-14
8,200000000000003;-14
8,100000000000001;-14
8,100000000000001;-13
8,0;-13
7,899999999999999;-12
7,899999999999999;-11
7,799999999999997;-12
7,700000000000003;-11
7,600000000000001;-11
7,600000000000001;-11
7,5;-11
7,5;-10
7,399999999999999;-10
7,399999999999999;-10
7,299999999999997;-9
7,299999999999997;-10
7,299999999999997;-9
7,200000000000003;-9
7,100000000000001;-8
7,100000000000001;-8
7,0;-8
7,0;-7
6,899999999999999;-7
6,899999999999999;-6
6,799999999999997;-5
6,799999999999997;-5
6,799999999999997;-5
6,700000000000003;-5
6,700000000000003;-5
6,700000000000003;-4
6,700000000000003;-4
6,600000000000001;-4
6,600000000000001;-4
6,600000000000001;-4
6,600000000000001;-4
6,5;-3
6,5;-3
6,5;-3
6,399999999999999;-2
6,399999999999999;-2
6,399999999999999;-2
6,399999999999999;-1
6,399999999999999;-1
6,299999999999997;0
6,299999999999997;0
6,299999999999997;0
6,299999999999997;0
6,299999999999997;1
6,299999999999997;1
6,299999999999997;2
6,200000000000003;2
6,200000000000003;2
6,200000000000003;2
6,200000000000003;3
6,200000000000003;3
6,200000000000003;3
6,200000000000003;3
6,200000000000003;4
6,200000000000003;4
6,200000000000003;5
6,200000000000003;5
6,200000000000003;5
6,200000000000003;5
6,200000000000003;6
6,200000000000003;6
6,200000000000003;7
6,200000000000003;7
6,200000000000003;9
6,200000000000003;9
6,299999999999997;9
6,299999999999997;9
6,299999999999997;9
6,299999999999997;9
6,299999999999997;9
6,299999999999997;10
6,399999999999999;10
6,399999999999999;10
6,399999999999999;10
6,5;11
6,5;11
6,5;11
6,600000000000001;12
6,600000000000001;11
6,600000000000001;12
6,700000000000003;13
6,700000000000003;13
6,700000000000003;14
6,799999999999997;13
6,799999999999997;14
6,899999999999999;15
6,899999999999999;15
7,0;15
7,0;15
7,0;16
7,100000000000001;17
7,200000000000003;17
7,200000000000003;17
7,200000000000003;17
7,299999999999997;17
7,299999999999997;18
7,399999999999999;19
7,399999999999999;18
7,5;20
7,5;20
7,600000000000001;21
7,700000000000003;21
7,700000000000003;21
7,799999999999997;21
7,799999999999997;21
7,899999999999999;22
7,899999999999999;21
8,0;23
8,100000000000001;23
8,200000000000003;24
8,200000000000003;24
8,299999999999997;24
8,399999999999999;25
8,399999999999999;25
8,5;25
8,5;25
8,600000000000001;25
8,600000000000001;26
8,700000000000003;26
8,700000000000003;26
8,799999999999997;27
8,899999999999999;28
9,0;29
9,100000000000001;31
9,100000000000001;31
9,200000000000003;32
9,299999999999997;33
9,399999999999999;33
9,5;34
9,600000000000001;34
9,600000000000001;35
9,700000000000003;35
9,799999999999997;36
9,799999999999997;36
9,899999999999999;37
10,0;37
10,100000000000001;38
10,200000000000003;38
10,200000000000003;39
10,299999999999997;39
10,5;40
10,5;41
10,600000000000001;41
10,700000000000003;42
10,799999999999997;42
10,899999999999999;43
11,0;44
11,200000000000003;45
11,299999999999997;46
11,399999999999999;46
11,5;47
11,600000000000001;48
11,700000000000003;48
11,700000000000003;49
11,799999999999997;50
11,899999999999999;50
12,0;50
12,100000000000001;51
12,200000000000003;51
12,299999999999997;52
12,399999999999999;53
12,600000000000001;54
12,799999999999997;55
12,899999999999999;55
13,0;56
13,100000000000001;56
13,200000000000003;57
13,299999999999997;58
13,399999999999999;59
13,5;59
13,600000000000001;60
13,799999999999997;61
13,899999999999999;61
14,100000000000001;62
14,200000000000003;63
14,299999999999997;64
14,600000000000001;65
14,700000000000003;66
14,799999999999997;66
14,899999999999999;67
15,0;68
15,100000000000001;69
15,200000000000003;69
15,399999999999999;70
15,600000000000001;71
15,799999999999997;72
15,899999999999999;73
16,0;73
16,1;74
16,299999999999997;74
16,4;75
16,5;75
16,700000000000003;77
16,9;77
17,0;78
17,1;79
17,200000000000003;79
17,299999999999997;79
17,6;81
17,700000000000003;82
17,799999999999997;82
18,0;83
18,1;83
18,200000000000003;84
18,5;86
18,6;86
18,700000000000003;87
18,9;87
19,0;88
19,1;88
19,299999999999997;89
19,4;90
19,700000000000003;91
19,799999999999997;91
19,9;92
20,1;93
20,200000000000003;93
20,299999999999997;94
20,5;94
20,700000000000003;95
20,9;96
21,0;97
21,200000000000003;97
21,299999999999997;98
21,4;98
21,6;99
21,700000000000003;99
21,9;100
22,0;100
22,200000000000003;101
22,299999999999997;102
22,4;102
22,6;103
22,700000000000003;103
22,9;103
23,0;105
23,200000000000003;106
23,299999999999997;106
23,6;107
23,799999999999997;108
24,1;110
24,200000000000003;109
24,4;110
24,5;111
24,799999999999997;112
25,0;113
25,1;113
25,299999999999997;114
25,4;114
25,6;115
25,700000000000003;116
25,9;116
26,0;117
26,4;118
26,5;119
26,700000000000003;119
26,799999999999997;120
27,0;120
27,1;120
27,299999999999997;121
27,5;122
27,6;122
27,799999999999997;122
27,9;122
28,1;123
28,299999999999997;124
28,4;125
28,700000000000003;125
29,1;127
29,4;127
29,6;128
29,700000000000003;128
29,9;129
30,200000000000003;130
30,4;130
30,700000000000003;131
30,9;133
31,1;132
31,200000000000003;133
31,4;133
31,700000000000003;134
32,1;135
32,2;136
32,4;136
32,6;136
32,7;137
32,9;137
33,3;138
33,4;138
33,6;139
33,8;139
33,9;140
34,1;140
34,5;141
34,6;141
35,0;143
35,2;143
35,5;144
35,9;144
36,0;144
36,2;144
36,4;145
36,6;146
36,8;146
36,9;146
37,1;147
37,3;147
37,5;147
37,8;148
38,0;148
38,2;148
38,4;149
38,5;149
38,7;149
38,9;150
39,1;150
39,3;151
39,4;152
39,8;152
40,0;153
40,2;154
40,3;153
40,7;154
40,9;154
41,1;154
41,3;154
41,4;155
41,6;155
41,8;155
42,0;155
42,2;156
42,4;156
42,5;156
42,7;156
42,9;157
43,3;157
43,7;158
43,8;158
44,0;157
44,4;158
44,6;159
44,8;159
45,0;159
45,1;158
45,3;159
45,5;159
45,7;159
45,9;160
46,1;160
46,3;160
46,4;159
46,6;160
47,0;160
47,2;160
47,4;160
47,8;160
47,9;161
48,1;161
48,3;160
48,5;161
48,7;161
48,9;162
49,1;162
49,3;162
49,4;161
49,6;162
49,8;162
50,0;163
50,2;163
50,4;162
50,8;163
51,1;163
51,5;163
51,7;163
51,9;163
52,1;163
52,3;163
52,5;163
52,6;163
52,8;163
53,0;164
53,4;163
53,6;163
53,8;163
54,0;163
54,3;163
54,5;163
54,7;163
54,9;163
55,1;164
55,5;163
55,7;164
55,8;163
56,0;163
56,2;163
56,4;163
56,8;163
57,2;163
57,4;163
57,5;163
57,7;164
58,1;163
58,3;163
58,7;163
58,9;163
59,0;162
59,2;162
59,4;162
59,6;162
59,8;162
60,0;163
60,2;162
60,4;162
60,5;162
60,7;162
60,9;162
61,1;162
61,5;162
61,7;161
61,8;161
62,2;161
62,6;161
62,8;160
63,0;160
63,1;160
63,3;160
63,5;160
63,7;159
64,1;158
64,2;159
64,4;158
64,6;158
64,8;158
65,0;158
65,2;157
65,3;158
65,7;157
66,1;157
66,3;157
66,4;157
66,6;156
66,8;156
67,0;155
67,2;156
67,3;155
67,5;155
67,7;155
67,9;154
68,2;154
68,4;153
68,6;153
68,8;153
69,0;153
69,2;152
69,4;152
69,8;152
69,9;152
70,1;151
70,3;151
70,5;150
70,6;150
70,8;150
71,2;149
71,3;149
71,5;148
71,9;148
72,2;147
72,4;146
72,7;146
72,9;146
73,1;146
73,4;145
73,6;145
73,8;145
74,0;144
74,1;145
74,3;144
74,5;144
74,6;144
74,8;143
75,0;142
75,2;142
75,5;142
75,7;141
75,8;141
76,0;141
76,2;140
76,3;140
76,5;139
76,8;138
77,0;138
77,2;138
77,5;137
77,7;137
77,8;137
78,0;136
78,2;136
78,3;135
78,5;135
78,8;134
79,0;134
79,2;133
79,3;133
79,5;133
79,6;132
79,8;132
80,0;131
80,1;131
80,3;130
80,4;130
80,6;129
80,8;129
81,1;128
81,2;127
81,6;127
81,7;126
81,9;126
82,0;126
82,2;125
82,3;125
82,5;124
82,8;123
83,0;123
83,1;123
83,3;122
83,4;121
83,6;121
83,9;121
84,0;120
84,3;119
84,5;119
84,8;117
85,1;116
85,2;116
85,4;116
85,5;115
85,7;114
86,0;114
86,1;113
86,3;112
86,4;112
86,7;111
86,8;110
87,0;110
87,3;109
87,4;109
87,7;108
88,0;108
88,1;106
88,2;106
88,4;106
88,7;105
88,8;104
88,9;104
89,1;103
89,2;102
89,3;102
89,5;102
89,6;101
89,7;101
89,9;100
90,0;100
90,1;100
90,3;99
90,4;99
90,5;98
90,7;97
90,9;96
91,1;97
91,2;96
91,3;95
91,5;95
91,7;93
92,0;92
92,2;91
92,3;91
92,5;90
92,6;90
92,7;89
92,8;89
93,0;88
93,1;87
93,3;87
93,4;87
93,6;86
93,7;85
93,8;85
93,9;84
94,0;83
94,2;82
94,3;82
94,4;82
94,5;82
94,6;81
94,7;81
94,8;80
95,1;79
95,2;79
95,3;78
95,4;78
95,5;77
95,6;77
95,7;76
95,9;76
96,0;75
96,1;74
96,2;74
96,3;74
96,4;73
96,6;72
96,7;72
96,8;71
96,9;70
97,0;70
97,1;69
97,2;69
97,4;68
97,5;67
97,6;68
97,7;67
97,8;66
97,9;66
98,0;65
98,2;64
98,3;64
98,4;63
98,5;62
98,6;62
98,7;61
98,8;61
99,0;61
99,1;60
99,2;59
99,3;59
99,4;58
99,5;58
99,5;58
99,6;57
99,8;56
99,9;56
100,0;55
100,2;55
100,2;54
100,3;54
100,4;53
100,5;53
100,7;52
100,8;51
100,9;51
101,0;50
101,1;49
101,2;48
101,4;48
101,5;46
101,6;46
101,7;46
101,8;45
101,8;45
102,0;44
102,1;44
102,1;43
102,2;43
102,3;42
102,3;43
102,4;42
102,5;40
102,6;40
102,7;40
102,8;40
102,9;38
102,9;38
103,1;38
103,1;37
103,2;37
103,3;36
103,4;36
103,4;35
103,6;35
103,6;34
103,7;34
103,8;33
103,9;33
103,9;32
104,0;32
104,1;32
104,2;31
104,2;31
104,3;30
104,3;30
104,4;29
104,5;29
104,5;28
104,6;28
104,7;28
104,7;28
104,8;27
104,8;27
104,9;26
104,9;25
105,0;26
105,0;26
105,1;25
105,1;25
105,1;25
105,2;25
105,3;24
105,3;24
105,3;24
105,4;24
105,4;24
105,5;24
105,5;23
105,5;23
105,6;22
105,6;21
105,7;21
105,7;21
105,7;21
105,8;21
105,8;21
105,9;20
105,9;19
105,9;20
106,0;19
106,0;18
106,1;18
106,1;18
106,1;18
106,1;17
106,1;18
106,2;18
106,2;18
106,2;17
106,2;17
106,2;16
106,3;16
106,3;16
106,3;15
106,3;15
106,3;16
106,3;15
106,3;15
106,4;15
106,4;15
106,4;15
106,4;15
106,4;15
106,4;14
106,4;15
106,4;14
106,4;14
106,4;15
106,4;14
106,4;14
106,4;14
106,4;13
106,4;13
106,4;13
106,4;13
106,4;13
106,4;13
106,4;12
106,3;12
106,3;12
106,3;12
106,3;12
106,3;10
106,3;9
106,3;9
106,3;9
106,3;9
106,3;9
106,2;9
106,2;9
106,2;8
106,2;8
106,2;8
106,1;8
106,1;8
106,1;8
106,1;8
106,1;8
106,0;8
106,0;7
106,0;8
106,0;7
105,9;7
105,9;7
105,9;7
105,8;6
105,8;6
105,8;6
105,8;6
105,7;6
105,7;6
105,7;5
105,6;6
105,6;6
105,6;5
105,6;5
105,5;5
105,5;5
105,5;4
105,4;5
105,4;4
105,4;4
105,3;4
105,3;3
105,2;3
105,1;3
105,1;2
105,1;3
105,0;2
104,9;3
104,9;2
104,8;2
104,8;1
104,7;1
104,7;1
104,6;1
104,6;1
104,5;0
104,5;1
104,4;0
104,4;0
Испытание; 
Время;09:53:12
Оператор;программист Скориков И.А.
Серийный номер;3256
Наименование;Тестовый 50
Максимальная длина;404
Минимальная длина;265
Скорость;0.314
Мин усилие сжатия;-10
Макс усилие сжатия;55
Мин усилие отбоя;-10
Макс усилие отбоя;214
Макс температура;20.7
Усилие;Перемещение
105,0;4
105,1;4
105,1;3
105,2;3
105,3;2
105,3;2
105,3;2
105,4;2
105,5;2
105,5;2
105,6;0
105,6;0
105,6;-1
105,7;-1
105,8;-2
105,8;-1
105,8;-2
105,8;-2
105,9;-2
105,9;-2
105,9;-2
106,0;-3
106,0;-3
106,0;-4
106,1;-4
106,1;-4
106,1;-4
106,1;-4
106,2;-5
106,2;-5
106,2;-5
106,2;-5
106,2;-5
106,3;-6
106,3;-5
106,3;-6
106,3;-6
106,3;-6
106,3;-6
106,3;-7
106,4;-7
106,4;-6
106,4;-7
106,4;-7
106,4;-7
106,4;-7
106,4;-7
106,4;-7
106,4;-8
106,4;-8
106,4;-8
106,4;-8
106,5;-8
106,5;-8
106,5;-8
106,5;-9
106,5;-9
106,5;-9
106,5;-9
106,5;-9
106,5;-9
106,5;-10
106,5;-10
106,5;-10
106,5;-10
106,5;-10
106,5;-10
106,5;-12
106,5;-12
106,5;-13
106,5;-13
106,5;-13
106,5;-13
106,5;-13
106,4;-13
106,4;-13
106,4;-13
106,4;-13
106,4;-14
106,4;-14
106,3;-14
106,3;-14
106,3;-14
106,3;-14
106,3;-14
106,2;-14
106,2;-14
106,2;-15
106,2;-15
106,2;-15
106,1;-15
106,1;-15
106,1;-15
106,1;-15
106,0;-15
106,0;-15
106,0;-16
106,0;-16
105,9;-16
105,9;-16
105,8;-16
105,8;-16
105,8;-16
105,7;-17
105,7;-17
105,7;-18
105,6;-18
105,6;-18
105,5;-18
105,4;-18
105,4;-18
105,4;-18
105,3;-19
105,3;-19
105,2;-19
105,1;-20
105,1;-20
105,1;-20
105,0;-20
105,0;-20
104,9;-21
104,8;-21
104,7;-22
104,7;-22
104,6;-22
104,6;-22
104,5;-22
104,5;-22
104,4;-22
104,4;-23
104,3;-23
104,3;-23
104,2;-24
104,2;-24
104,1;-24
104,1;-24
104,0;-24
103,9;-24
103,8;-25
103,7;-25
103,6;-26
103,6;-26
103,4;-26
103,4;-26
103,3;-27
103,2;-27
103,2;-27
103,1;-27
103,0;-28
102,9;-28
102,9;-28
102,7;-29
102,7;-29
102,6;-29
102,5;-29
102,4;-29
102,3;-30
102,2;-30
102,2;-30
102,0;-30
101,9;-31
101,9;-31
101,8;-32
101,7;-32
101,6;-32
101,5;-32
101,4;-32
101,3;-32
101,3;-33
101,2;-33
101,1;-33
101,0;-33
100,9;-34
100,8;-34
100,7;-34
100,6;-34
100,5;-35
100,4;-35
100,3;-36
100,2;-36
100,1;-36
100,0;-36
99,9;-37
99,8;-37
99,8;-37
99,7;-37
99,6;-37
99,5;-37
99,3;-38
99,2;-38
99,0;-39
98,9;-39
98,8;-39
98,7;-39
98,6;-39
98,5;-40
98,4;-40
98,3;-40
98,2;-41
98,1;-41
98,0;-41
97,9;-41
97,8;-41
97,7;-41
97,6;-42
97,5;-42
97,4;-42
97,1;-43
97,0;-43
96,9;-43
96,8;-43
96,7;-44
96,6;-43
96,4;-44
96,3;-44
96,2;-44
96,0;-44
95,9;-45
95,7;-45
95,6;-45
95,5;-45
95,4;-46
95,2;-45
95,0;-46
94,8;-46
94,7;-46
94,6;-46
94,4;-47
94,3;-46
94,0;-47
93,9;-47
93,8;-47
93,6;-47
93,4;-48
93,3;-48
93,1;-48
93,0;-48
92,8;-48
92,6;-49
92,5;-48
92,2;-49
92,1;-49
92,0;-49
91,8;-49
91,6;-49
91,5;-49
91,2;-50
91,1;-50
90,9;-50
90,8;-50
90,7;-50
90,5;-50
90,4;-50
90,3;-50
90,1;-51
89,9;-51
89,7;-50
89,6;-51
89,5;-51
89,3;-51
89,2;-51
88,9;-51
88,7;-52
88,5;-51
88,4;-51
88,1;-52
88,0;-52
87,8;-52
87,5;-52
87,3;-53
87,0;-52
86,7;-53
86,5;-53
86,4;-53
86,2;-53
86,1;-53
85,8;-53
85,7;-53
85,4;-54
85,1;-53
84,9;-53
84,8;-54
84,6;-53
84,5;-53
84,3;-54
84,2;-54
84,0;-54
83,9;-54
83,6;-54
83,4;-54
83,3;-54
83,1;-54
82,8;-54
82,6;-54
82,5;-55
82,3;-55
82,2;-54
82,0;-55
81,9;-55
81,7;-55
81,4;-55
81,2;-55
81,1;-55
80,9;-55
80,8;-55
80,6;-55
80,4;-55
80,1;-56
79,9;-55
79,8;-56
79,5;-55
79,3;-56
79,1;-56
79,0;-56
78,8;-56
78,6;-56
78,5;-56
78,2;-56
78,0;-56
77,8;-56
77,5;-56
77,3;-56
77,2;-56
77,0;-56
76,8;-56
76,7;-56
76,5;-57
76,3;-57
76,0;-56
75,8;-56
75,6;-56
75,3;-56
75,1;-57
75,0;-57
74,8;-56
74,5;-56
74,1;-57
73,9;-57
73,8;-57
73,6;-57
73,2;-57
73,1;-58
72,9;-57
72,7;-58
72,5;-58
72,4;-58
72,2;-57
72,0;-58
71,7;-58
71,5;-58
71,3;-58
71,1;-58
71,0;-58
70,8;-58
70,6;-58
70,2;-58
70,1;-58
69,7;-58
69,3;-58
69,2;-58
69,0;-58
68,8;-58
68,4;-58
68,3;-58
67,9;-58
67,7;-59
67,5;-59
67,4;-58
67,0;-58
66,8;-58
66,6;-58
66,4;-59
66,3;-58
66,1;-58
65,7;-58
65,5;-59
65,3;-58
65,2;-59
65,0;-59
64,8;-59
64,6;-59
64,2;-59
63,9;-59
63,7;-59
63,5;-59
63,3;-59
63,1;-59
62,8;-59
62,6;-59
62,2;-59
62,0;-59
61,8;-59
61,6;-59
61,3;-59
61,1;-59
60,9;-59
60,7;-59
60,5;-59
60,3;-59
60,2;-59
60,0;-59
59,8;-59
59,4;-60
59,2;-59
59,0;-59
58,8;-60
58,7;-59
58,3;-59
58,1;-60
57,9;-60
57,7;-60
57,3;-59
57,2;-60
57,0;-60
56,8;-59
56,6;-60
56,4;-60
56,0;-60
55,8;-59
55,5;-60
55,3;-60
55,1;-60
54,9;-60
54,7;-60
54,5;-60
54,3;-60
53,9;-60
53,8;-60
53,6;-60
53,4;-60
53,2;-60
53,0;-60
52,8;-60
52,6;-60
52,2;-61
52,0;-60
51,9;-60
51,7;-60
51,5;-60
51,3;-60
51,1;-60
50,9;-60
50,5;-60
50,3;-60
50,2;-61
50,0;-60
49,8;-60
49,6;-60
49,2;-60
49,0;-60
48,8;-60
48,6;-60
48,3;-60
48,1;-60
47,7;-60
47,5;-60
47,3;-60
47,0;-60
46,6;-60
46,4;-60
46,2;-60
46,0;-60
45,7;-60
45,5;-60
45,3;-60
45,1;-61
44,7;-60
44,5;-59
44,4;-60
44,2;-60
44,0;-60
43,8;-60
43,6;-60
43,4;-60
43,2;-60
43,1;-60
42,9;-60
42,7;-60
42,5;-60
42,1;-60
41,8;-60
41,6;-59
41,2;-60
41,0;-60
40,9;-60
40,7;-59
40,5;-60
40,1;-59
39,8;-60
39,6;-60
39,4;-60
39,2;-60
38,9;-59
38,7;-60
38,5;-60
38,3;-60
38,1;-60
38,0;-60
37,8;-60
37,6;-60
37,4;-60
37,1;-59
36,9;-60
36,7;-60
36,5;-60
36,4;-59
36,2;-59
35,8;-59
35,6;-59
35,5;-59
35,3;-59
35,1;-59
34,9;-59
34,8;-59
34,4;-59
34,2;-59
33,9;-59
33,7;-58
33,6;-58
33,4;-58
33,2;-59
33,0;-58
32,9;-58
32,5;-58
32,4;-58
32,2;-58
32,0;-58
31,9;-58
31,700000000000003;-58
31,5;-58
31,299999999999997;-58
31,0;-58
30,700000000000003;-57
30,5;-58
30,200000000000003;-58
30,0;-58
29,799999999999997;-58
29,700000000000003;-58
29,5;-57
29,4;-57
29,200000000000003;-58
29,0;-57
28,9;-57
28,700000000000003;-57
28,5;-57
28,200000000000003;-57
28,1;-57
27,700000000000003;-56
27,6;-57
27,4;-57
27,299999999999997;-57
27,1;-57
26,9;-57
26,799999999999997;-57
26,6;-57
26,5;-56
26,299999999999997;-57
26,200000000000003;-57
25,9;-56
25,700000000000003;-56
25,5;-56
25,4;-56
25,200000000000003;-56
25,1;-56
24,799999999999997;-56
24,6;-56
24,5;-56
24,299999999999997;-55
24,0;-55
23,9;-55
23,6;-55
23,4;-55
23,299999999999997;-55
23,1;-55
22,9;-55
22,700000000000003;-55
22,6;-55
22,299999999999997;-54
22,1;-55
22,0;-55
21,799999999999997;-55
21,700000000000003;-55
21,6;-55
21,4;-54
21,299999999999997;-54
21,0;-54
20,9;-54
20,700000000000003;-54
20,4;-54
20,299999999999997;-54
20,200000000000003;-54
20,0;-54
19,9;-53
19,799999999999997;-54
19,6;-53
19,5;-54
19,4;-53
19,200000000000003;-53
19,1;-53
18,799999999999997;-53
18,700000000000003;-52
18,6;-53
18,5;-53
18,299999999999997;-52
18,200000000000003;-52
18,1;-52
17,9;-52
17,799999999999997;-52
17,700000000000003;-52
17,6;-52
17,299999999999997;-52
17,200000000000003;-51
17,1;-52
16,799999999999997;-52
16,700000000000003;-51
16,6;-51
16,5;-51
16,4;-51
16,200000000000003;-50
16,1;-51
16,0;-50
15,899999999999999;-51
15,799999999999997;-50
15,700000000000003;-50
15,399999999999999;-50
15,299999999999997;-50
15,100000000000001;-49
14,899999999999999;-49
14,799999999999997;-49
14,600000000000001;-49
14,5;-49
14,399999999999999;-49
14,299999999999997;-48
14,200000000000003;-49
14,100000000000001;-48
13,899999999999999;-48
13,700000000000003;-48
13,600000000000001;-48
13,5;-47
13,399999999999999;-47
13,299999999999997;-47
13,200000000000003;-47
13,100000000000001;-47
13,0;-47
12,899999999999999;-47
12,799999999999997;-47
12,700000000000003;-46
12,600000000000001;-46
12,5;-46
12,399999999999999;-46
12,299999999999997;-46
12,200000000000003;-46
12,100000000000001;-45
12,0;-46
11,799999999999997;-45
11,700000000000003;-45
11,600000000000001;-45
11,600000000000001;-45
11,5;-44
11,399999999999999;-44
11,299999999999997;-44
11,200000000000003;-44
11,100000000000001;-44
11,0;-44
11,0;-44
10,799999999999997;-43
10,600000000000001;-43
10,5;-43
10,399999999999999;-43
10,299999999999997;-42
10,200000000000003;-42
10,100000000000001;-42
10,100000000000001;-41
10,0;-42
9,899999999999999;-41
9,799999999999997;-41
9,700000000000003;-40
9,600000000000001;-40
9,5;-40
9,5;-40
9,399999999999999;-40
9,299999999999997;-39
9,299999999999997;-39
9,200000000000003;-39
9,100000000000001;-39
9,0;-38
8,899999999999999;-38
8,899999999999999;-38
8,799999999999997;-38
8,700000000000003;-38
8,600000000000001;-37
8,5;-37
8,399999999999999;-37
8,399999999999999;-37
8,299999999999997;-36
8,299999999999997;-36
8,200000000000003;-36
8,100000000000001;-35
8,100000000000001;-35
8,0;-35
7,899999999999999;-35
7,899999999999999;-34
7,799999999999997;-34
7,799999999999997;-34
7,700000000000003;-33
7,600000000000001;-33
7,600000000000001;-32
7,5;-32
7,399999999999999;-31
7,399999999999999;-31
7,299999999999997;-31
7,299999999999997;-31
7,299999999999997;-30
7,200000000000003;-30
7,100000000000001;-30
7,100000000000001;-30
7,100000000000001;-29
7,0;-29
7,0;-29
7,0;-28
6,899999999999999;-28
6,899999999999999;-27
6,799999999999997;-27
6,799999999999997;-27
6,799999999999997;-27
6,700000000000003;-27
6,700000000000003;-26
6,700000000000003;-26
6,600000000000001;-26
6,600000000000001;-26
6,600000000000001;-26
6,5;-25
6,5;-25
6,5;-25
6,5;-25
6,399999999999999;-24
6,399999999999999;-24
6,399999999999999;-23
6,399999999999999;-23
6,399999999999999;-23
6,399999999999999;-23
6,299999999999997;-22
6,299999999999997;-22
6,299999999999997;-21
6,299999999999997;-21
6,299999999999997;-21
6,200000000000003;-20
6,200000000000003;-20
6,200000000000003;-20
6,200000000000003;-20
6,200000000000003;-19
6,200000000000003;-19
6,200000000000003;-19
6,200000000000003;-18
6,200000000000003;-17
6,200000000000003;-17
6,200000000000003;-17
6,200000000000003;-17
6,200000000000003;-17
6,200000000000003;-16
6,200000000000003;-16
6,200000000000003;-16
6,200000000000003;-15
6,200000000000003;-15
6,200000000000003;-14
6,200000000000003;-14
6,200000000000003;-14
6,299999999999997;-13
6,299999999999997;-13
6,299999999999997;-13
6,299999999999997;-13
6,299999999999997;-13
6,299999999999997;-13
6,399999999999999;-13
6,399999999999999;-13
6,399999999999999;-12
6,399999999999999;-12
6,399999999999999;-12
6,5;-12
6,5;-11
6,5;-11
6,5;-11
6,600000000000001;-10
6,600000000000001;-10
6,600000000000001;-10
6,700000000000003;-9
6,700000000000003;-10
6,700000000000003;-9
6,700000000000003;-9
6,799999999999997;-9
6,799999999999997;-8
6,799999999999997;-8
6,899999999999999;-8
6,899999999999999;-8
7,0;-7
7,0;-7
7,100000000000001;-6
7,100000000000001;-5
7,200000000000003;-5
7,299999999999997;-5
7,299999999999997;-4
7,299999999999997;-4
7,399999999999999;-3
7,399999999999999;-3
7,5;-3
7,5;-3
7,600000000000001;-2
7,600000000000001;-2
7,700000000000003;-1
7,700000000000003;-1
7,799999999999997;0
7,899999999999999;0
7,899999999999999;0
8,0;0
8,0;0
8,100000000000001;1
8,100000000000001;1
8,200000000000003;1
8,200000000000003;2
8,299999999999997;2
8,399999999999999;2
8,399999999999999;3
8,600000000000001;4
8,600000000000001;4
8,700000000000003;4
8,700000000000003;4
8,799999999999997;4
8,899999999999999;5
9,0;7
9,100000000000001;9
9,200000000000003;10
9,299999999999997;10
9,399999999999999;10
9,5;11
9,5;12
9,600000000000001;12
9,700000000000003;13
9,799999999999997;13
9,899999999999999;14
10,100000000000001;16
10,100000000000001;16
10,200000000000003;17
10,299999999999997;17
10,399999999999999;18
10,399999999999999;18
10,5;18
10,600000000000001;19
10,700000000000003;19
10,799999999999997;20
10,899999999999999;21
11,0;22
11,200000000000003;23
11,299999999999997;23
11,399999999999999;24
11,399999999999999;25
11,600000000000001;25
11,700000000000003;26
11,799999999999997;27
11,899999999999999;27
12,0;28
12,100000000000001;28
12,200000000000003;29
12,399999999999999;30
12,5;31
12,600000000000001;31
12,799999999999997;32
12,899999999999999;34
13,100000000000001;35
13,200000000000003;35
13,299999999999997;36
13,5;36
13,600000000000001;37
13,700000000000003;38
13,899999999999999;38
14,0;39
14,200000000000003;40
14,299999999999997;41
14,399999999999999;42
14,5;42
14,600000000000001;43
14,700000000000003;44
14,799999999999997;44
14,899999999999999;45
15,100000000000001;45
15,200000000000003;46
15,299999999999997;47
15,399999999999999;47
15,5;48
15,600000000000001;49
15,700000000000003;50
15,899999999999999;51
16,0;51
16,1;51
16,200000000000003;52
16,299999999999997;52
16,4;53
16,6;54
16,700000000000003;54
16,799999999999997;55
16,9;55
17,0;56
17,200000000000003;56
17,4;58
17,5;59
17,700000000000003;59
17,799999999999997;60
18,0;62
18,200000000000003;62
18,299999999999997;63
18,4;64
18,6;64
18,700000000000003;64
18,9;66
19,1;66
19,200000000000003;67
19,299999999999997;67
19,5;68
19,6;68
19,700000000000003;69
19,9;70
20,1;71
20,299999999999997;71
20,4;72
20,6;72
20,700000000000003;73
20,799999999999997;73
21,0;74
21,1;74
21,200000000000003;75
21,4;76
21,5;77
21,799999999999997;78
22,0;79
22,1;79
22,200000000000003;80
22,4;80
22,5;80
22,700000000000003;81
22,799999999999997;82
23,0;82
23,1;83
23,299999999999997;84
23,5;85
23,700000000000003;85
23,799999999999997;86
24,0;86
24,1;86
24,299999999999997;87
24,4;88
24,6;88
24,9;90
25,0;89
25,200000000000003;91
25,299999999999997;91
25,5;91
25,700000000000003;92
25,799999999999997;92
26,1;94
26,299999999999997;94
26,4;95
26,6;95
26,700000000000003;96
26,9;97
27,1;97
27,200000000000003;97
27,4;98
27,5;98
27,700000000000003;99
27,799999999999997;100
28,0;101
28,200000000000003;101
28,5;102
28,700000000000003;103
28,799999999999997;103
29,0;104
29,1;104
29,299999999999997;104
29,5;105
29,6;106
29,799999999999997;106
30,0;107
30,1;108
30,299999999999997;108
30,5;108
30,6;109
30,799999999999997;110
31,0;110
31,1;111
31,5;111
31,6;112
31,799999999999997;113
32,0;112
32,3;115
32,5;115
32,7;115
33,0;116
33,2;116
33,3;116
33,5;117
33,7;118
33,9;117
34,2;118
34,4;118
34,6;119
34,7;120
34,9;120
35,1;121
35,4;122
35,6;122
35,8;122
36,0;122
36,1;122
36,3;123
36,5;124
36,7;123
36,8;124
37,0;124
37,4;125
37,7;126
37,9;126
38,1;126
38,3;127
38,6;128
39,0;128
39,3;128
39,5;129
39,7;129
39,9;129
40,1;130
40,3;131
40,6;131
41,0;131
41,2;132
41,3;132
41,7;132
41,9;133
42,1;133
42,3;133
42,4;132
42,6;133
42,8;133
43,0;134
43,2;134
43,4;134
43,5;134
43,7;134
44,1;135
44,5;135
44,7;136
45,0;136
45,2;137
45,4;137
45,6;137
45,8;138
46,2;138
46,3;138
46,7;138
46,9;138
47,1;138
47,3;139
47,5;139
47,7;139
47,8;139
48,0;140
48,2;140
48,4;139
48,6;140
48,8;140
49,0;140
49,2;140
49,3;141
49,5;141
49,7;141
49,9;140
50,3;140
50,5;142
50,7;142
50,9;141
51,0;142
51,2;142
51,4;142
51,6;141
52,0;141
52,2;141
52,6;141
52,7;142
52,9;141
53,1;141
53,3;141
53,7;141
53,9;141
54,1;141
54,4;141
54,6;141
54,8;141
55,0;142
55,4;141
55,6;142
55,8;142
56,0;141
56,3;141
56,5;141
56,7;141
57,1;141
57,3;141
57,5;141
57,6;141
57,8;141
58,0;141
58,2;140
58,4;140
58,6;140
58,8;140
59,0;140
59,1;140
59,3;140
59,7;140
59,9;139
60,1;139
60,3;139
60,5;139
60,6;139
60,8;140
61,2;139
61,4;139
61,6;138
61,8;139
61,9;139
62,1;138
62,3;138
62,5;138
62,7;138
62,9;138
63,1;138
63,2;137
63,4;137
63,6;138
63,8;137
64,0;137
64,2;136
64,3;136
64,7;136
64,9;136
65,1;136
65,3;136
65,4;136
65,6;136
65,8;136
66,0;135
66,2;135
66,4;134
66,5;135
66,7;135
66,9;134
67,1;133
67,3;133
67,5;132
67,8;133
68,0;132
68,2;132
68,5;131
68,7;131
68,9;131
69,0;131
69,1;130
69,3;130
69,5;130
69,7;129
69,9;129
70,0;129
70,2;129
70,6;129
70,7;128
71,1;127
71,3;127
71,5;127
71,6;126
71,8;126
72,2;125
72,3;125
72,5;125
72,7;125
73,0;124
73,2;124
73,4;123
73,5;123
73,7;123
74,1;122
74,2;121
74,4;121
74,7;121
75,1;120
75,4;120
75,6;119
75,8;118
75,9;118
76,1;118
76,4;117
76,6;116
76,8;116
76,9;116
77,3;115
77,4;114
77,8;114
77,9;113
78,1;112
78,3;112
78,6;112
78,8;112
78,9;112
79,1;111
79,2;111
79,4;110
79,6;110
79,9;109
80,1;109
80,2;108
80,4;108
80,5;107
80,7;106
80,9;106
81,2;106
81,5;105
81,6;104
81,8;105
82,0;104
82,3;103
82,4;103
82,6;103
82,7;102
82,9;101
83,0;101
83,4;100
83,5;100
83,7;99
83,8;99
84,0;98
84,1;98
84,3;97
84,4;97
84,7;96
84,9;96
85,0;95
85,2;94
85,3;93
85,5;93
85,6;93
85,9;92
86,0;92
86,2;91
86,5;89
86,6;89
86,8;88
87,1;88
87,2;86
87,3;87
87,6;86
87,8;86
87,9;85
88,0;84
88,2;84
88,3;84
88,5;83
88,6;82
88,7;82
88,9;81
89,0;81
89,1;81
89,3;80
89,6;79
89,7;79
89,8;78
90,0;77
90,1;77
90,2;76
90,5;76
90,6;75
90,7;74
90,9;74
91,0;73
91,3;73
91,4;72
91,5;72
91,6;71
91,8;70
91,9;70
92,0;70
92,2;70
92,3;69
92,4;69
92,6;67
92,8;67
92,9;66
93,0;66
93,3;65
93,4;64
93,5;63
93,6;63
93,7;62
93,9;62
94,0;61
94,2;61
94,3;60
94,4;60
94,6;59
94,7;59
94,9;58
95,0;58
95,1;57
95,2;56
95,4;56
95,5;56
95,6;55
95,7;54
95,8;54
95,9;54
96,0;53
96,1;53
96,2;52
96,5;51
96,7;50
96,8;50
96,9;49
97,0;48
97,1;48
97,2;47
97,3;47
97,4;46
97,5;46
97,6;46
97,8;44
97,9;43
98,0;43
98,2;43
98,3;42
98,4;41
98,5;41
98,6;40
98,7;40
98,9;39
99,0;39
99,0;38
99,1;37
99,2;37
99,4;36
99,6;35
99,7;35
99,8;34
99,9;34
99,9;33
100,0;33
100,1;33
100,3;32
100,4;31
100,5;31
100,5;30
100,7;29
100,8;29
100,9;28
101,0;28
101,0;27
101,1;27
101,2;27
101,3;25
101,4;26
101,5;24
101,6;24
101,6;24
101,7;23
101,9;23
102,0;22
102,1;21
102,2;21
102,2;21
102,3;20
102,4;20
102,4;19
102,5;19
102,6;19
102,6;18
102,7;18
102,8;17
102,9;17
103,0;16
103,0;16
103,2;15
103,3;14
103,3;14
103,5;13
103,5;13
103,6;12
103,6;13
103,7;12
103,8;11
103,8;11
103,9;10
103,9;10
104,0;10
104,0;10
104,1;9
104,1;9
104,2;8
104,2;9
104,3;7
104,4;8
104,5;6
104,5;6
104,6;5
104,6;6
104,7;5
104,8;4
104,8;4
104,9;4
Испытание; 
Время;17:04:17
Оператор;программист Скориков И.А.
Серийный номер;56
Наименование;562.000.000.00
Максимальная длина;378
Минимальная длина;263
Скорость;0.105
Мин усилие сжатия;20
Макс усилие сжатия;700
Мин усилие отбоя;50
Макс усилие отбоя;700
Макс температура;19.8
Усилие;Перемещение
67,6;0
67,6;-1
67,6;-2
67,6;-3
67,7;-3
67,7;-4
67,7;-5
67,7;-6
67,8;-7
67,8;-8
67,8;-9
67,9;-9
67,9;-10
67,9;-11
67,9;-11
68,0;-13
68,0;-13
68,0;-14
68,0;-16
68,0;-16
68,1;-17
68,1;-18
68,1;-19
68,1;-20
68,2;-21
68,2;-21
68,2;-22
68,2;-24
68,3;-26
68,3;-26
68,3;-27
68,3;-29
68,4;-30
68,4;-31
68,4;-32
68,4;-32
68,4;-33
68,5;-35
68,5;-36
68,5;-37
68,5;-38
68,5;-38
68,6;-39
68,6;-41
68,6;-42
68,6;-44
68,7;-45
68,7;-46
68,7;-47
68,7;-48
68,7;-50
68,8;-53
68,8;-54
68,8;-55
68,8;-57
68,8;-58
68,8;-59
68,8;-60
68,9;-62
68,9;-63
68,9;-64
68,9;-66
68,9;-67
68,9;-69
69,0;-71
69,0;-72
69,0;-75
69,0;-76
69,0;-78
69,0;-78
69,0;-80
69,0;-81
69,1;-83
69,1;-84
69,1;-86
69,1;-88
69,1;-89
69,1;-90
69,1;-90
69,1;-91
69,1;-92
69,1;-92
69,2;-94
69,2;-96
69,2;-97
69,2;-99
69,2;-100
69,2;-101
69,2;-102
69,2;-103
69,3;-105
69,3;-107
69,3;-108
69,3;-109
69,3;-110
69,3;-111
69,3;-113
69,3;-115
69,3;-116
69,3;-117
69,3;-118
69,3;-120
69,3;-121
69,3;-123
69,3;-124
69,4;-126
69,4;-127
69,4;-128
69,4;-129
69,4;-130
69,4;-132
69,4;-133
69,4;-134
69,4;-135
69,4;-137
69,4;-138
69,4;-139
69,4;-140
69,4;-142
69,4;-144
69,4;-145
69,4;-146
69,4;-147
69,4;-148
69,4;-149
69,4;-152
69,4;-154
69,4;-156
69,4;-157
69,4;-159
69,4;-160
69,4;-161
69,4;-162
69,4;-164
69,4;-165
69,4;-166
69,4;-167
69,4;-168
69,4;-169
69,4;-170
69,4;-170
69,4;-173
69,4;-174
69,4;-176
69,4;-177
69,4;-179
69,4;-180
69,4;-181
69,4;-182
69,4;-183
69,4;-184
69,4;-185
69,3;-186
69,3;-188
69,3;-189
69,3;-190
69,3;-190
69,3;-191
69,3;-192
69,3;-192
69,3;-194
69,3;-194
69,3;-195
69,3;-196
69,3;-195
69,3;-196
69,3;-197
69,3;-198
69,3;-200
69,3;-201
69,3;-202
69,3;-202
69,2;-203
69,2;-204
69,2;-206
69,2;-207
69,2;-208
69,2;-208
69,2;-209
69,2;-209
69,2;-210
69,1;-211
69,1;-212
69,1;-212
69,1;-213
69,1;-214
69,1;-214
69,1;-215
69,1;-216
69,0;-217
69,0;-217
69,0;-218
69,0;-218
69,0;-218
69,0;-219
69,0;-219
69,0;-220
68,9;-220
68,9;-221
68,9;-222
68,9;-223
68,9;-223
68,9;-224
68,8;-225
68,8;-225
68,8;-225
68,8;-225
68,7;-226
68,7;-226
68,7;-227
68,7;-227
68,7;-228
68,7;-227
68,6;-228
68,6;-229
68,6;-228
68,6;-228
68,6;-229
68,6;-229
68,5;-229
68,5;-229
68,5;-234
68,5;-233
68,4;-229
68,4;-233
68,4;-234
68,4;-231
68,4;-231
68,3;-233
68,3;-233
68,3;-233
68,3;-235
68,3;-234
68,2;-235
68,2;-235
68,2;-236
68,2;-236
68,2;-237
68,1;-237
68,1;-238
68,1;-239
68,0;-240
68,0;-257
68,0;-260
68,0;-280
67,9;-298
67,9;-305
67,9;-312
67,9;-320
67,8;-328
67,8;-335
67,8;-343
67,8;-349
67,8;-363
67,7;-370
67,7;-375
67,7;-380
67,7;-385
67,6;-390
67,6;-393
67,6;-397
67,6;-400
67,6;-403
67,5;-406
67,5;-410
67,5;-412
67,4;-414
67,4;-416
67,4;-418
67,4;-418
67,3;-419
67,3;-420
67,3;-421
67,3;-423
67,2;-424
67,2;-425
67,2;-426
67,1;-426
67,1;-427
67,1;-428
67,1;-428
67,0;-429
67,0;-429
67,0;-430
66,9;-430
66,9;-432
66,8;-432
66,8;-433
66,8;-434
66,8;-434
66,7;-434
66,7;-435
66,6;-436
66,6;-436
66,6;-437
66,5;-437
66,5;-438
66,5;-438
66,4;-439
66,4;-439
66,4;-440
66,3;-440
66,3;-441
66,2;-441
66,2;-442
66,1;-442
66,1;-443
66,1;-443
66,1;-443
66,0;-444
65,9;-445
65,9;-445
65,8;-446
65,8;-446
65,7;-447
65,7;-447
65,6;-448
65,6;-449
65,6;-450
65,5;-449
65,5;-449
65,5;-450
65,4;-451
65,4;-451
65,3;-452
65,3;-452
65,3;-452
65,2;-453
65,2;-453
65,2;-453
65,1;-453
65,1;-454
65,0;-455
65,0;-454
64,9;-455
64,8;-455
64,8;-456
64,7;-457
64,7;-457
64,7;-457
64,6;-457
64,6;-458
64,5;-459
64,5;-458
64,4;-459
64,4;-460
64,4;-460
64,3;-460
64,3;-460
64,3;-460
64,2;-461
64,2;-461
64,1;-461
64,1;-461
64,0;-462
64,0;-463
63,9;-463
63,9;-463
63,8;-463
63,8;-463
63,8;-464
63,7;-464
63,7;-465
63,6;-465
63,6;-465
63,6;-466
63,5;-466
63,4;-466
63,3;-467
63,3;-467
63,2;-468
63,2;-468
63,2;-468
63,1;-468
63,0;-469
62,9;-469
62,9;-470
62,8;-470
62,7;-471
62,7;-471
62,6;-471
62,6;-472
62,5;-472
62,5;-472
62,4;-472
62,4;-473
62,4;-473
62,3;-473
62,2;-474
62,2;-474
62,1;-474
62,1;-474
62,0;-474
61,9;-475
61,8;-475
61,8;-476
61,7;-476
61,7;-477
61,7;-477
61,6;-477
61,5;-477
61,5;-478
61,4;-478
61,3;-478
61,2;-479
61,2;-479
61,1;-480
61,1;-480
61,0;-480
61,0;-480
60,9;-481
60,8;-481
60,8;-481
60,7;-482
60,7;-482
60,6;-482
60,6;-482
60,6;-483
60,5;-483
60,5;-483
60,4;-483
60,3;-484
60,2;-484
60,1;-485
60,1;-485
60,0;-486
60,0;-486
59,9;-486
59,8;-487
59,7;-487
59,7;-488
59,6;-489
59,6;-488
59,5;-489
59,5;-489
59,4;-489
59,4;-489
59,3;-490
59,3;-490
59,2;-491
59,2;-491
59,1;-491
59,0;-492
59,0;-492
58,9;-493
58,8;-493
58,8;-494
58,7;-493
58,7;-493
58,6;-494
58,6;-495
58,5;-495
58,5;-496
58,4;-496
58,3;-497
58,3;-497
58,2;-496
58,1;-499
58,1;-499
58,0;-499
57,9;-500
57,8;-501
57,7;-501
57,7;-502
57,6;-502
57,5;-502
57,5;-503
57,4;-503
57,3;-504
57,3;-505
57,2;-506
57,2;-506
57,1;-506
57,1;-507
57,0;-507
57,0;-507
57,0;-508
57,0;-508
56,9;-509
56,8;-509
56,8;-510
56,7;-510
56,6;-511
56,5;-511
56,4;-511
56,3;-513
56,2;-513
56,2;-513
56,1;-513
56,1;-514
56,0;-514
56,0;-515
55,9;-515
55,9;-515
55,8;-516
55,6;-516
55,6;-517
55,5;-518
55,5;-518
55,4;-518
55,4;-518
55,3;-519
55,3;-519
55,2;-519
55,1;-519
55,1;-520
55,0;-520
55,0;-519
54,9;-521
54,7;-521
54,7;-522
54,6;-522
54,6;-522
54,5;-523
54,4;-523
54,3;-523
54,3;-524
54,2;-524
54,2;-524
54,1;-524
54,1;-525
53,9;-525
53,8;-525
53,7;-526
53,7;-527
53,6;-527
53,5;-527
53,5;-527
53,4;-528
53,3;-528
53,3;-529
53,2;-528
53,1;-528
53,1;-529
53,0;-530
52,8;-529
52,7;-530
52,7;-530
52,6;-531
52,5;-531
52,5;-531
52,4;-531
52,4;-531
52,3;-532
52,3;-532
52,2;-532
52,1;-533
52,0;-533
52,0;-533
51,9;-533
51,8;-533
51,8;-533
51,7;-533
51,6;-534
51,5;-535
51,5;-535
51,4;-535
51,3;-535
51,2;-535
51,2;-536
51,1;-536
51,0;-536
50,9;-536
50,9;-536
50,8;-536
50,8;-537
50,7;-537
50,6;-536
50,5;-537
50,5;-537
50,4;-537
50,3;-538
50,2;-538
50,1;-538
50,1;-538
50,0;-538
50,0;-538
49,9;-538
49,8;-538
49,8;-539
49,7;-539
49,7;-539
49,5;-539
49,5;-539
49,4;-540
49,4;-539
49,3;-539
49,2;-540
49,1;-540
49,0;-540
49,0;-540
48,9;-540
48,9;-540
48,7;-541
48,6;-541
48,6;-541
48,5;-541
48,4;-542
48,4;-542
48,3;-542
48,2;-542
48,1;-542
48,1;-542
48,0;-542
47,9;-542
47,9;-543
47,8;-542
47,7;-543
47,6;-542
47,6;-542
47,5;-542
47,4;-542
47,4;-543
47,3;-543
47,2;-543
47,1;-543
47,0;-543
46,9;-543
46,9;-542
46,8;-543
46,7;-544
46,7;-543
46,6;-543
46,6;-543
46,4;-543
46,3;-544
46,2;-544
46,1;-543
46,0;-543
45,9;-544
45,9;-544
45,8;-544
45,7;-544
45,7;-544
45,6;-544
45,5;-544
45,4;-544
45,3;-544
45,2;-544
45,1;-545
45,0;-545
44,9;-545
44,9;-544
44,8;-544
44,7;-545
44,7;-544
44,6;-544
44,5;-545
44,4;-544
44,3;-544
44,2;-545
44,0;-545
44,0;-544
43,9;-545
43,8;-545
43,7;-545
43,7;-546
43,6;-545
43,5;-546
43,5;-545
43,4;-545
43,4;-544
43,3;-545
43,2;-545
43,1;-545
43,0;-545
43,0;-545
42,9;-545
42,8;-546
42,8;-545
42,7;-546
42,7;-545
42,6;-545
42,5;-545
42,5;-545
42,4;-544
42,3;-545
42,2;-545
42,2;-545
42,1;-545
42,0;-545
42,0;-545
41,9;-544
41,8;-544
41,8;-544
41,7;-543
41,6;-544
41,6;-544
41,5;-543
41,3;-544
41,2;-542
41,1;-543
41,0;-543
41,0;-542
40,8;-543
40,8;-543
40,7;-543
40,6;-543
40,6;-543
40,5;-543
40,4;-542
40,3;-542
40,2;-542
40,1;-542
40,1;-541
40,0;-542
40,0;-542
39,9;-542
39,8;-542
39,8;-542
39,7;-542
39,6;-541
39,6;-541
39,5;-541
39,4;-541
39,3;-542
39,3;-540
39,2;-540
39,1;-540
39,1;-540
39,0;-539
39,0;-539
38,9;-540
38,8;-540
38,7;-538
38,6;-538
38,6;-538
38,5;-538
38,5;-538
38,3;-538
38,2;-537
38,2;-537
38,1;-537
38,0;-536
38,0;-536
37,9;-536
37,8;-536
37,7;-535
37,6;-535
37,5;-535
37,4;-535
37,4;-534
37,3;-534
37,2;-534
37,2;-534
37,1;-533
37,1;-534
36,9;-533
36,9;-533
36,8;-533
36,7;-532
36,6;-532
36,6;-532
36,5;-532
36,4;-532
36,4;-532
36,3;-531
36,3;-531
36,2;-531
36,1;-531
36,1;-530
36,0;-530
35,9;-529
35,8;-529
35,8;-529
35,7;-529
35,7;-529
35,6;-528
35,5;-528
35,5;-528
35,4;-527
35,4;-527
35,2;-527
35,2;-527
35,1;-528
35,0;-527
34,9;-527
34,8;-526
34,8;-526
34,7;-526
34,6;-525
34,5;-524
34,5;-524
34,4;-524
34,4;-523
34,2;-523
34,2;-522
34,1;-522
34,1;-523
34,0;-523
33,9;-521
33,9;-521
33,8;-521
33,7;-520
33,7;-519
33,5;-520
33,5;-520
33,4;-519
33,4;-518
33,3;-518
33,3;-518
33,2;-517
33,1;-517
33,1;-517
33,0;-517
33,0;-517
32,9;-516
32,8;-516
32,7;-515
32,6;-515
32,6;-515
32,5;-515
32,5;-514
32,4;-514
32,3;-513
32,3;-513
32,2;-512
32,2;-512
32,1;-512
32,1;-513
32,0;-511
31,9;-511
31,8;-510
31,8;-511
31,7;-510
31,7;-510
31,6;-510
31,6;-510
31,5;-510
31,5;-509
31,3;-507
31,2;-508
31,1;-507
31,1;-507
31,0;-507
31,0;-506
30,9;-505
30,9;-505
30,8;-504
30,7;-503
30,6;-504
30,6;-503
30,5;-503
30,4;-502
30,4;-502
30,3;-502
30,2;-501
30,1;-500
30,0;-500
29,9;-499
29,9;-499
29,8;-498
29,8;-498
29,7;-497
29,7;-497
29,6;-497
29,5;-496
29,4;-495
29,4;-494
29,3;-494
29,2;-494
29,2;-493
29,1;-492
29,1;-493
29,0;-491
28,9;-491
28,9;-491
28,8;-491
28,8;-490
28,7;-490
28,6;-490
28,6;-489
28,5;-488
28,5;-488
28,4;-488
28,3;-487
28,2;-486
28,2;-486
28,1;-486
28,0;-484
28,0;-485
27,9;-484
27,8;-483
27,8;-483
27,7;-483
27,6;-481
27,6;-482
27,5;-481
27,4;-481
27,4;-480
27,3;-480
27,3;-480
27,2;-480
27,2;-479
27,1;-478
27,1;-478
27,0;-477
27,0;-477
26,9;-476
26,8;-476
26,8;-475
26,7;-475
26,6;-474
26,6;-474
26,5;-473
26,5;-473
26,4;-472
26,3;-472
26,2;-471
26,2;-470
26,1;-470
26,1;-469
26,0;-469
25,9;-468
25,8;-467
25,8;-466
25,8;-466
25,7;-466
25,6;-465
25,6;-463
25,5;-464
25,5;-464
25,5;-463
25,4;-462
25,4;-462
25,3;-462
25,2;-461
25,2;-460
25,2;-460
25,1;-460
25,1;-459
25,0;-458
25,0;-459
24,9;-459
24,9;-458
24,9;-457
24,799999999999997;-457
24,799999999999997;-457
24,700000000000003;-457
24,700000000000003;-455
24,6;-455
24,6;-455
24,5;-454
24,5;-454
24,5;-453
24,4;-453
24,4;-453
24,299999999999997;-451
24,299999999999997;-451
24,200000000000003;-450
24,200000000000003;-450
24,200000000000003;-449
24,1;-449
24,0;-448
24,0;-447
24,0;-447
23,9;-447
23,799999999999997;-446
23,799999999999997;-446
23,700000000000003;-444
23,700000000000003;-444
23,6;-443
23,6;-442
23,6;-442
23,5;-442
23,5;-441
23,4;-440
23,299999999999997;-439
23,299999999999997;-439
23,200000000000003;-438
23,1;-436
23,1;-435
23,1;-436
23,0;-435
23,0;-435
23,0;-434
22,9;-434
22,9;-433
22,799999999999997;-432
22,799999999999997;-431
22,799999999999997;-431
22,700000000000003;-431
22,700000000000003;-430
22,700000000000003;-430
22,6;-430
22,6;-429
22,6;-428
22,5;-428
22,5;-427
22,4;-426
22,4;-426
22,299999999999997;-425
22,299999999999997;-424
22,299999999999997;-424
22,200000000000003;-423
22,200000000000003;-423
22,200000000000003;-423
22,1;-421
22,1;-421
22,0;-419
22,0;-419
21,9;-419
21,9;-418
21,9;-417
21,799999999999997;-417
21,799999999999997;-416
21,799999999999997;-415
21,700000000000003;-414
21,700000000000003;-414
21,700000000000003;-414
21,6;-413
21,6;-412
21,5;-411
21,5;-410
21,5;-409
21,4;-409
21,4;-408
21,4;-407
21,4;-407
21,299999999999997;-405
21,299999999999997;-405
21,200000000000003;-405
21,200000000000003;-404
21,200000000000003;-403
21,1;-402
21,1;-401
21,1;-401
21,1;-400
21,0;-400
21,0;-399
21,0;-398
20,9;-397
20,9;-397
20,9;-395
20,9;-395
20,799999999999997;-394
20,799999999999997;-394
20,799999999999997;-393
20,799999999999997;-392
20,700000000000003;-392
20,700000000000003;-391
20,700000000000003;-389
20,6;-389
20,6;-389
20,6;-388
20,6;-387
20,5;-386
20,5;-386
20,5;-385
20,5;-384
20,5;-384
20,4;-383
20,4;-381
20,4;-380
20,299999999999997;-380
20,299999999999997;-379
20,299999999999997;-378
20,299999999999997;-378
20,200000000000003;-376
20,200000000000003;-375
20,200000000000003;-373
20,200000000000003;-373
20,1;-372
20,1;-372
20,1;-371
20,1;-370
20,1;-369
20,0;-368
20,0;-367
20,0;-365
20,0;-365
19,9;-364
19,9;-363
19,9;-363
19,9;-362
19,9;-360
19,9;-360
19,799999999999997;-359
19,799999999999997;-358
19,799999999999997;-356
19,799999999999997;-355
19,799999999999997;-355
19,700000000000003;-353
19,700000000000003;-352
19,700000000000003;-351
19,700000000000003;-349
19,700000000000003;-348
19,700000000000003;-347
19,6;-347
19,6;-345
19,6;-343
19,6;-342
19,6;-341
19,6;-339
19,5;-339
19,5;-338
19,5;-337
19,5;-336
19,5;-335
19,5;-334
19,5;-332
19,5;-330
19,5;-330
19,4;-329
19,4;-327
19,4;-326
19,4;-325
19,4;-324
19,4;-323
19,4;-322
19,4;-319
19,4;-318
19,4;-317
19,299999999999997;-315
19,299999999999997;-314
19,299999999999997;-313
19,299999999999997;-311
19,299999999999997;-310
19,299999999999997;-309
19,299999999999997;-306
19,299999999999997;-304
19,299999999999997;-302
19,299999999999997;-300
19,299999999999997;-299
19,299999999999997;-297
19,200000000000003;-296
19,200000000000003;-293
19,200000000000003;-290
19,200000000000003;-288
19,200000000000003;-285
19,200000000000003;-284
19,200000000000003;-282
19,200000000000003;-280
19,200000000000003;-278
19,200000000000003;-276
19,200000000000003;-273
19,200000000000003;-271
19,200000000000003;-270
19,200000000000003;-268
19,200000000000003;-266
19,200000000000003;-264
19,200000000000003;-263
19,200000000000003;-261
19,200000000000003;-259
19,200000000000003;-258
19,200000000000003;-256
19,1;-253
19,1;-252
19,1;-251
19,1;-250
19,1;-249
19,1;-249
19,1;-249
19,1;-249
19,1;-249
19,1;-248
19,1;-248
19,1;-248
19,1;-248
19,1;-247
19,1;-246
19,1;-246
19,1;-245
19,1;-244
19,1;-244
19,1;-244
19,1;-242
19,1;-241
19,1;-239
19,1;-237
19,1;-236
19,1;-235
19,1;-235
19,1;-235
19,1;-235
19,1;-235
19,1;-234
19,1;-234
19,1;-233
19,1;-233
19,1;-233
19,1;-232
19,1;-232
19,1;-232
19,200000000000003;-232
19,200000000000003;-231
19,200000000000003;-231
19,200000000000003;-231
19,200000000000003;-230
19,200000000000003;-230
19,200000000000003;-231
19,200000000000003;-230
19,200000000000003;-230
19,200000000000003;-230
19,200000000000003;-229
19,200000000000003;-229
19,200000000000003;-229
19,299999999999997;-229
19,299999999999997;-228
19,299999999999997;-228
19,299999999999997;-228
19,299999999999997;-228
19,299999999999997;-227
19,299999999999997;-227
19,299999999999997;-226
19,4;-226
19,4;-227
19,4;-227
19,4;-226
19,4;-225
19,4;-226
19,4;-225
19,4;-225
19,5;-225
19,5;-225
19,5;-225
19,5;-224
19,5;-224
19,5;-224
19,5;-224
19,6;-223
19,6;-223
19,6;-224
19,6;-223
19,6;-222
19,6;-222
19,700000000000003;-221
19,700000000000003;-221
19,700000000000003;-220
19,700000000000003;-220
19,700000000000003;-220
19,700000000000003;-219
19,799999999999997;-219
19,799999999999997;-218
19,799999999999997;-217
19,799999999999997;-217
19,799999999999997;-217
19,9;-215
19,9;-214
19,9;-213
19,9;-213
19,9;-213
20,0;-212
20,0;-211
20,0;-211
20,0;-211
20,0;-211
20,0;-211
20,1;-210
20,1;-207
20,1;-206
20,1;-206
20,200000000000003;-205
20,200000000000003;-204
20,200000000000003;-202
20,200000000000003;-201
20,299999999999997;-200
20,299999999999997;-199
20,299999999999997;-197
20,299999999999997;-197
20,299999999999997;-196
20,4;-192
20,4;-191
20,4;-190
20,4;-188
20,5;-187
20,5;-186
20,5;-183
20,5;-180
20,6;-178
20,6;-177
20,6;-176
20,6;-174
20,700000000000003;-172
20,700000000000003;-167
20,700000000000003;-163
20,799999999999997;-161
20,799999999999997;-159
20,799999999999997;-157
20,799999999999997;-154
20,9;-152
20,9;-149
20,9;-146
20,9;-144
21,0;-142
21,0;-136
21,0;-133
21,1;-130
21,1;-127
21,1;-124
21,200000000000003;-116
21,200000000000003;-113
21,200000000000003;-107
21,299999999999997;-103
21,299999999999997;-100
21,299999999999997;-96
21,299999999999997;-92
21,4;-89
21,4;-85
21,4;-82
21,4;-78
21,5;-69
21,6;-58
21,6;-39
21,6;-31
21,700000000000003;-23
21,700000000000003;-14
21,700000000000003;-5
21,700000000000003;5
21,700000000000003;12
21,799999999999997;24
21,799999999999997;30
21,799999999999997;36
21,9;40
21,9;44
21,9;50
22,0;56
22,0;64
22,0;68
22,1;71
22,1;73
22,1;73
22,200000000000003;73
22,200000000000003;73
22,200000000000003;75
22,299999999999997;78
22,299999999999997;79
22,4;80
22,4;82
22,4;82
22,5;83
22,5;83
22,5;83
22,6;83
22,700000000000003;84
22,700000000000003;86
22,799999999999997;87
22,799999999999997;88
22,9;88
22,9;87
23,0;88
23,0;90
23,1;91
23,1;91
23,1;92
23,200000000000003;92
23,200000000000003;92
23,299999999999997;93
23,299999999999997;94
23,4;94
23,4;94
23,4;95
23,5;96
23,5;96
23,6;96
23,700000000000003;96
23,700000000000003;97
23,700000000000003;97
23,799999999999997;98
23,799999999999997;98
23,9;99
23,9;99
24,0;99
24,0;100
24,1;100
24,1;101
24,200000000000003;101
24,200000000000003;101
24,200000000000003;102
24,299999999999997;102
24,4;103
24,4;103
24,4;104
24,5;104
24,6;104
24,6;105
24,6;106
24,700000000000003;106
24,700000000000003;106
24,799999999999997;107
24,799999999999997;107
24,799999999999997;107
24,9;108
24,9;108
25,0;108
25,0;109
25,1;109
25,1;109
25,1;109
25,2;109
25,3;110
25,3;110
25,4;110
25,4;111
25,4;111
25,5;111
25,5;112
25,6;112
25,7;113
25,7;114
25,7;114
25,8;114
25,9;114
25,9;115
26,0;116
26,0;116
26,1;116
26,1;116
26,2;116
26,2;117
26,2;117
26,3;117
26,3;117
26,4;117
26,4;118
26,5;118
26,5;119
26,6;119
26,6;119
26,7;120
26,7;120
26,7;120
26,8;120
26,9;121
27,0;121
27,0;121
27,1;123
27,2;122
27,3;123
27,3;123
27,4;123
27,4;123
27,5;123
27,5;124
27,6;124
27,7;125
27,7;125
27,8;125
27,8;126
27,9;126
27,9;126
28,0;127
28,0;127
28,1;127
28,2;128
28,2;128
28,3;129
28,4;130
28,5;130
28,6;130
28,6;130
28,7;130
28,8;131
28,8;131
28,9;131
29,0;131
29,0;131
29,1;131
29,1;131
29,2;132
29,3;132
29,3;133
29,4;134
29,5;135
29,6;135
29,6;135
29,7;136
29,8;136
29,8;136
29,9;136
29,9;136
30,0;136
30,0;137
30,2;137
30,2;137
30,3;137
30,3;137
30,4;138
30,4;138
30,5;139
30,5;139
30,6;138
30,6;138
30,7;139
30,7;140
30,8;140
30,9;139
31,0;140
31,0;140
31,1;140
31,2;140
31,2;140
31,3;140
31,4;140
31,4;141
31,5;141
31,6;142
31,6;142
31,7;142
31,8;142
31,9;143
31,9;143
32,0;143
32,0;144
32,1;143
32,1;144
32,2;145
32,2;145
32,3;144
32,4;144
32,4;146
32,5;146
32,5;146
32,6;146
32,7;146
32,8;146
32,8;146
32,9;147
33,0;147
33,0;147
33,2;147
33,2;147
33,3;147
33,3;148
33,4;148
33,5;148
33,6;148
33,6;149
33,7;148
33,7;148
33,8;149
33,9;149
33,9;149
34,0;149
34,0;149
34,1;149
34,1;150
34,2;150
34,3;150
34,3;150
34,4;150
34,5;150
34,6;150
34,7;151
34,7;151
34,8;152
34,8;152
34,9;151
35,0;152
35,0;151
35,1;152
35,1;152
35,2;152
35,3;153
35,3;153
35,4;153
35,4;153
35,5;153
35,6;153
35,6;152
35,7;153
35,7;153
35,9;153
35,9;154
36,0;153
36,0;153
36,1;154
36,2;155
36,3;155
36,4;155
36,5;155
36,6;155
36,6;155
36,7;155
36,8;155
36,9;155
37,0;156
37,0;156
37,1;156
37,2;156
37,3;156
37,3;156
37,4;157
37,5;157
37,6;158
37,7;157
37,8;158
37,9;158
38,0;158
38,1;158
38,1;158
38,2;159
38,2;158
38,3;159
38,4;158
38,4;158
38,5;158
38,6;158
38,7;158
38,8;158
38,9;158
38,9;158
39,0;158
39,0;158
39,2;159
39,2;159
39,3;159
39,4;159
39,4;158
39,5;158
39,5;158
39,6;159
39,7;159
39,7;159
39,8;159
39,9;159
40,0;159
40,0;159
40,1;160
40,2;159
40,2;160
40,3;160
40,4;161
40,4;161
40,5;161
40,6;160
40,7;160
40,7;160
40,8;160
40,9;161
40,9;160
41,0;161
41,0;161
41,1;160
41,2;161
41,3;161
41,4;160
41,5;161
41,6;161
41,6;161
41,7;161
41,7;161
41,8;160
41,9;161
41,9;161
42,0;161
42,1;161
42,1;161
42,2;161
42,2;161
42,4;161
42,4;161
42,5;161
42,6;161
42,7;161
42,8;161
42,8;162
42,9;162
42,9;162
43,1;162
43,2;161
43,3;161
43,4;161
43,4;160
43,6;160
43,6;161
43,7;160
43,8;160
43,8;160
43,9;160
43,9;160
44,0;160
44,1;160
44,2;160
44,3;160
44,4;159
44,5;159
44,5;159
44,6;158
44,6;158
44,7;159
44,8;159
44,8;158
44,9;158
45,0;159
45,1;159
45,1;157
45,2;158
45,3;159
45,4;158
45,5;159
45,5;159
45,6;159
45,6;159
45,8;159
45,8;159
45,9;159
46,0;158
46,0;158
46,1;158
46,1;157
46,2;158
46,3;157
46,3;158
46,4;158
46,5;158
46,6;157
46,7;157
46,8;157
46,8;157
46,9;157
47,0;158
47,0;158
47,1;158
47,2;157
47,3;157
47,4;156
47,5;156
47,5;156
47,6;156
47,6;156
47,8;155
47,8;156
47,9;155
48,0;155
48,1;155
48,1;155
48,2;154
48,3;154
48,3;154
48,4;153
48,5;153
48,5;153
48,6;153
48,6;153
48,7;153
48,8;153
48,9;152
49,0;152
49,1;152
49,1;152
49,2;152
49,3;151
49,4;151
49,4;151
49,5;151
49,6;150
49,6;150
49,7;150
49,7;150
49,9;149
49,9;149
50,0;150
50,1;149
50,2;149
50,3;148
50,4;148
50,4;148
50,5;147
50,5;147
50,6;147
50,7;148
50,7;147
50,8;147
50,9;146
51,0;145
51,1;144
51,1;144
51,2;144
51,3;144
51,3;144
51,4;144
51,5;143
51,6;143
51,7;142
51,8;141
51,9;141
52,0;140
52,0;140
52,1;140
52,2;139
52,3;139
52,3;138
52,4;138
52,5;139
52,6;139
52,6;138
52,7;137
52,8;137
52,9;137
52,9;136
53,0;136
53,2;135
53,3;135
53,3;134
53,4;134
53,4;133
53,5;133
53,6;133
53,7;132
53,8;132
53,8;132
53,9;131
54,0;131
54,1;130
54,1;130
54,2;130
54,2;130
54,3;129
54,4;129
54,5;128
54,5;129
54,6;128
54,6;128
54,8;128
54,8;127
54,9;127
54,9;127
55,0;126
55,1;126
55,1;125
55,2;125
55,3;125
55,3;125
55,4;124
55,4;124
55,5;124
55,5;123
55,7;123
55,7;121
55,8;121
55,8;121
55,9;121
55,9;121
56,0;120
56,0;120
56,1;119
56,1;119
56,2;119
56,3;119
56,3;119
56,4;117
56,5;117
56,5;117
56,6;116
56,6;116
56,7;116
56,7;116
56,8;115
56,8;114
56,9;114
57,0;114
57,1;113
57,1;113
57,2;113
57,3;112
57,3;112
57,4;112
57,4;111
57,5;111
57,5;110
57,6;110
57,6;110
57,7;109
57,8;109
57,9;108
57,9;108
58,0;108
58,0;107
58,1;107
58,1;107
58,2;106
58,3;105
58,3;105
58,4;104
58,4;104
58,5;104
58,5;103
58,6;103
58,6;102
58,7;102
58,8;101
58,8;101
58,9;100
58,9;100
59,0;100
59,0;100
59,1;99
59,2;98
59,3;98
59,4;97
59,4;97
59,5;96
59,5;95
59,6;95
59,7;96
59,7;95
59,8;94
59,8;94
59,9;93
60,0;92
60,0;92
60,0;92
60,1;92
60,1;91
60,2;90
60,2;91
60,3;90
60,4;89
60,5;89
60,5;89
60,6;88
60,6;88
60,7;87
60,7;87
60,8;86
60,8;86
60,9;86
60,9;85
61,0;85
61,0;85
61,1;85
61,2;83
61,2;83
61,3;83
61,3;83
61,3;83
61,4;82
61,5;81
61,5;81
61,6;81
61,7;80
61,7;80
61,8;79
61,8;79
61,9;79
61,9;78
62,0;78
62,0;77
62,1;77
62,1;76
62,1;76
62,2;75
62,3;75
62,3;75
62,4;75
62,4;74
62,4;72
62,5;73
62,5;72
62,6;72
62,6;72
62,6;71
62,7;71
62,7;70
62,8;71
62,9;70
62,9;69
63,0;69
63,0;68
63,1;68
63,1;67
63,2;67
63,3;65
63,3;66
63,3;66
63,4;64
63,5;64
63,5;63
63,5;63
63,6;63
63,6;62
63,7;62
63,7;62
63,7;61
63,8;61
63,8;61
63,9;60
64,0;59
64,0;59
64,1;58
64,1;58
64,2;57
64,2;57
64,2;57
64,3;56
64,3;56
64,3;56
64,4;55
64,4;54
64,5;53
64,5;53
64,5;52
64,6;52
64,6;52
64,6;51
64,7;51
64,7;50
64,8;49
64,8;49
64,8;48
64,9;48
64,9;47
65,0;47
65,0;46
65,1;46
65,1;46
65,1;45
65,2;45
65,2;43
65,2;43
65,3;43
65,3;42
65,4;42
65,4;41
65,4;41
65,5;40
65,5;39
65,5;39
65,6;39
65,6;38
65,6;38
65,6;37
65,7;37
65,7;36
65,8;36
65,8;35
65,8;35
65,9;34
65,9;33
65,9;33
66,0;33
66,0;32
66,0;31
66,1;30
66,1;30
66,1;30
66,1;29
66,2;28
66,2;29
66,2;28
66,3;28
66,3;27
66,3;26
66,4;26
66,4;25
66,4;25
66,5;24
66,5;24
66,5;24
66,6;22
66,6;21
66,6;20
66,7;20
66,7;19
66,7;18
66,8;18
66,9;16
66,9;16
66,9;15
66,9;14
67,0;14
67,0;14
67,0;12
67,1;12
67,1;11
67,1;10
67,2;9
67,2;9
67,2;9
67,3;7
67,3;7
67,3;6
67,3;6
67,4;5
67,4;4
67,4;4
67,4;3
67,5;2
67,5;1
67,5;0
